gene_id,num_sets,min_ER,max_ER,mean_ER,median_ER,min_grp_size,max_grp_size,mean_grp_size,median_grp_size
FBgn0266579,9,2,8,5.777777777777778,6.0,1,4,1.8888888888888888,2.0
FBgn0263994,7,2,4,2.857142857142857,3.0,1,3,1.5714285714285714,1.0
FBgn0051660,4,3,15,11.0,13.0,1,4,2.5,2.5
FBgn0051363,14,2,7,4.428571428571429,5.0,1,5,2.142857142857143,2.0
FBgn0038610,3,2,4,3.0,3.0,1,4,2.3333333333333335,2.0
FBgn0037094,4,2,4,3.25,3.5,1,9,3.0,1.0
