ERG_id,ERG_size,gene_id,xscripts,contains_which_gtf,flag_nonOlp_pair,flag_IR_in_set,num_IR_xscripts,prop_IR,num_ER,min_num_nt_noOvlp,max_num_nt_noOvlp,mean_num_nt_noOvlp,median_num_nt_noOvlp,min_prop_nt_noOvlp,max_prop_nt_noOvlp,mean_prop_nt_noOvlp,median_prop_nt_noOvlp
FBgn0000017_1,4,FBgn0000017,FBtr0075357|FBtr0330130|FBtr0330132|FBtr0330135,0,0,1,4,1.0,7,255.0,7107.0,3654.0,3681.0,0.0474948780033525,0.5815399721790361,0.3201779439011635,0.3292696483858
FBgn0000017_2,4,FBgn0000017,FBtr0112790|FBtr0330131|FBtr0330133|FBtr0330134,0,0,1,4,1.0,8,255.0,7107.0,3654.0,3681.0,0.0431253170979198,0.5567567567567567,0.3048318795671303,0.3129026028173962
FBgn0003944_2,4,FBgn0003944,FBtr0083348|FBtr0083349|FBtr0083350|FBtr0083352,0,0,0,0,0.0,2,0.0,1447.0,815.5,723.5,0.0,0.3461722488038277,0.20052528710771614,0.18937490438534943
FBgn0003944_1,2,FBgn0003944,FBtr0083347|FBtr0083351,0,0,0,0,0.0,3,1165.0,1165.0,1165.0,1165.0,0.2753486173481446,0.2753486173481446,0.2753486173481446,0.2753486173481446
